{"actions":[],"apps":[{"acl":{"app":[],"field":[],"record":[]},"app":null,"category":{"categories":[],"useCategory":"false"},"form":{"layout":"[{\"id\":null,\"type\":\"ROW\",\"isSubTable\":false,\"var\":null,\"controlList\":[{\"isVirtical\":true,\"styleMap\":{\"width\":915,\"height\":64},\"innerComponentSize\":{\"width\":900,\"height\":28},\"type\":\"SINGLE_LINE_TEXT\",\"var\":\"title\",\"label\":\"Title\"}]},{\"id\":null,\"type\":\"ROW\",\"isSubTable\":false,\"var\":null,\"controlList\":[{\"isVirtical\":true,\"styleMap\":{\"width\":915,\"height\":612},\"innerComponentSize\":{\"width\":900,\"height\":571},\"type\":\"MULTIPLE_LINE_TEXT\",\"var\":\"document\",\"label\":\"Document(MarkDown)\"}]}]","revision":null},"iconMeta":null,"info":{"code":null,"decimalPrecision":"16","decimalScale":"4","description":"\u003Cdiv\u003E\u003Cbr /\u003E\u003C/div\u003E","enableBulkDeletion":"false","fiscalYearStartMonth":"4","iconKey":"APP62","iconType":"PRESET","jsFiles":null,"jsScope":"ALL","name":"Documents","roundingMode":"HALF_EVEN","theme":"ORDER","titleComponentLocalId":null,"useComment":"true","useHistory":"true","useThumbnail":"true"},"jsFiles":[{"jsFileMetas":[{"internalName":null,"locationType":"URL","mime":null,"name":null,"url":"https://cdnjs.cloudflare.com/ajax/libs/marked/0.3.2/marked.min.js"},{"internalName":null,"locationType":"BLOB","mime":"application/javascript","name":"markdown.js","url":null}],"jsType":"DESKTOP"}],"notification":{"appNotifications":[{"events":["RECORD_COMMENT_ADDED"],"target":{"entityId":"7221","entityType":"FIELD_ENTITY","includeSubs":"false"}},{"events":["RECORD_COMMENT_ADDED"],"target":{"entityId":"7222","entityType":"FIELD_ENTITY","includeSubs":"false"}}],"recordNotifications":[],"reminderTimezone":null,"reminders":[],"useComment":"true","useReminder":"false"},"plugin":{"pluginIds":[]},"reports":[],"resource":{"tables":[{"rows":[{"fields":[],"objectId":"0","subObjectId":"-1"}],"type":"AppName"},{"rows":[{"fields":[],"objectId":"7220","subObjectId":"-1"},{"fields":[],"objectId":"7221","subObjectId":"-1"},{"fields":[],"objectId":"7222","subObjectId":"-1"},{"fields":[],"objectId":"7223","subObjectId":"-1"},{"fields":[],"objectId":"7224","subObjectId":"-1"},{"fields":[],"objectId":"7225","subObjectId":"-1"},{"fields":[],"objectId":"7226","subObjectId":"-1"},{"fields":[],"objectId":"7227","subObjectId":"-1"},{"fields":[],"objectId":"7228","subObjectId":"-1"},{"fields":[],"objectId":"7229","subObjectId":"-1"}],"type":"FieldLabel"},{"rows":[{"fields":[],"objectId":"7231","subObjectId":"-1"},{"fields":[],"objectId":"20","subObjectId":"-1"}],"type":"ViewName"},{"rows":[{"fields":[],"objectId":"0","subObjectId":"-1"}],"type":"AppDescription"}]},"schema":{"groups":[],"revision":null,"subTable":{},"table":{"fieldList":{"7220":{"id":"7220","label":"レコード番号","properties":{"noLabel":"false","required":"true"},"type":"RECORD_ID","var":"レコード番号"},"7221":{"id":"7221","label":"更新者","properties":{"noLabel":"false","required":"true"},"type":"MODIFIER","var":"更新者"},"7222":{"id":"7222","label":"作成者","properties":{"noLabel":"false","required":"true"},"type":"CREATOR","var":"作成者"},"7223":{"id":"7223","label":"更新日時","properties":{"noLabel":"false","required":"true"},"type":"MODIFIED_AT","var":"更新日時"},"7224":{"id":"7224","label":"作成日時","properties":{"noLabel":"false","required":"true"},"type":"CREATED_AT","var":"作成日時"},"7225":{"id":"7225","label":"ステータス","properties":{"noLabel":"false","required":"false"},"type":"STATUS","var":"ステータス"},"7226":{"id":"7226","label":"作業者","properties":{"noLabel":"false","required":"false"},"type":"STATUS_ASSIGNEE","var":"作業者"},"7227":{"id":"7227","label":"カテゴリー","properties":{"noLabel":"false","required":"false"},"type":"CATEGORY","var":"カテゴリー"},"7228":{"id":"7228","label":"Title","properties":{"defaultValue":"","expression":"","hideExpression":"false","max":null,"min":null,"noLabel":"false","required":"false","unique":"false"},"type":"SINGLE_LINE_TEXT","var":"title"},"7229":{"id":"7229","label":"Document(MarkDown)","properties":{"defaultValue":"","noLabel":"false","required":"false"},"type":"MULTIPLE_LINE_TEXT","var":"document"}},"id":"1","label":"__ROOT__","var":"__ROOT__"}},"status":{"actions":[],"filters":[],"initialStateId":null,"states":[],"useStatus":"false"},"uuid":"65542c4f-2280-4cf4-9b2f-009360b425b2","views":[{"advancedMode":"false","builtinType":null,"fields":[{"row":[{"id":"7228"},{"id":"7221"},{"id":"7223"}]}],"filter":{"category":null,"offset":null,"order":["DESC"],"q":null,"size":null,"sort":["f7220"]},"html":null,"keyFieldId":null,"name":"一覧","pager":null,"revision":null,"titleFieldId":null,"view":"7231","viewType":"LIST"},{"advancedMode":null,"builtinType":"ALL","fields":[{"row":[{"id":"7220"},{"id":"7228"},{"id":"7229"}]}],"filter":{"category":null,"offset":null,"order":[],"q":null,"size":null,"sort":[]},"html":null,"keyFieldId":null,"name":"（すべて）","pager":null,"revision":null,"titleFieldId":null,"view":"20","viewType":"LIST"}]}],"description":"kintoneでMarkdown記法を使うためのサンプル","iconKey":"APP62","iconMeta":null,"iconSrcAppId":"65542c4f-2280-4cf4-9b2f-009360b425b2","iconType":"PRESET","idConversionMap":{"16":"65542c4f-2280-4cf4-9b2f-009360b425b2"},"imagesMeta":[],"lookups":[],"name":"kintoneMarkdown","references":[],"version":"14"}