{"actions":[],"apps":[{"acl":{"app":[],"field":[],"record":[]},"app":null,"category":{"categories":[],"useCategory":"false"},"form":{"layout":"[{\"id\":null,\"type\":\"ROW\",\"isSubTable\":false,\"var\":null,\"controlList\":[{\"isVirtical\":true,\"styleMap\":{\"width\":193,\"height\":64},\"innerComponentSize\":{\"width\":178,\"height\":28},\"type\":\"SINGLE_LINE_TEXT\",\"var\":\"TITLE\",\"label\":\"\\u4ef6\\u540d\"},{\"isVirtical\":true,\"styleMap\":{\"width\":117,\"height\":60},\"innerComponentSize\":{\"width\":102,\"height\":24},\"type\":\"DATE\",\"var\":\"DELIVERY_DATE\",\"label\":\"\\u7d0d\\u671f\"}]},{\"id\":null,\"type\":\"ROW\",\"isSubTable\":false,\"var\":null,\"controlList\":[{\"isVirtical\":true,\"styleMap\":{\"width\":193,\"height\":64},\"innerComponentSize\":{\"width\":178,\"height\":28},\"type\":\"SINGLE_LINE_TEXT\",\"var\":\"NOTIFICATION\",\"label\":\"\\u901a\\u77e5\\u4ef6\\u540d\"}]}]","revision":null},"iconMeta":null,"info":{"code":null,"decimalPrecision":"16","decimalScale":"4","description":"\u003Cbr /\u003E","enableBulkDeletion":"false","fiscalYearStartMonth":"4","iconKey":"APP39","iconType":"PRESET","jsFiles":null,"jsScope":"ALL","name":"setFieldByScript","roundingMode":"HALF_EVEN","theme":"PLAIN","titleComponentLocalId":null,"titleMaxLength":"30","useComment":"true","useHistory":"true","useThumbnail":"true"},"jsFiles":[{"jsFileMetas":[{"internalName":null,"locationType":"BLOB","mime":"application/javascript","name":"setFieldByScript.js","url":null}],"jsType":"DESKTOP"}],"notification":{"appNotifications":[{"events":["RECORD_COMMENT_ADDED"],"target":{"entityId":"9904","entityType":"FIELD_ENTITY","includeSubs":"false"}},{"events":["RECORD_COMMENT_ADDED"],"target":{"entityId":"9905","entityType":"FIELD_ENTITY","includeSubs":"false"}}],"recordNotifications":[],"reminderTimezone":null,"reminders":[],"useComment":"true","useReminder":"false"},"plugin":{"pluginIds":[]},"reports":[],"resource":{"tables":[{"rows":[{"fields":[],"objectId":"0","subObjectId":"-1"}],"type":"AppName"},{"rows":[{"fields":[],"objectId":"9903","subObjectId":"-1"},{"fields":[],"objectId":"9904","subObjectId":"-1"},{"fields":[],"objectId":"9905","subObjectId":"-1"},{"fields":[],"objectId":"9906","subObjectId":"-1"},{"fields":[],"objectId":"9907","subObjectId":"-1"},{"fields":[],"objectId":"9908","subObjectId":"-1"},{"fields":[],"objectId":"9909","subObjectId":"-1"},{"fields":[],"objectId":"9910","subObjectId":"-1"},{"fields":[],"objectId":"9914","subObjectId":"-1"},{"fields":[],"objectId":"9917","subObjectId":"-1"},{"fields":[],"objectId":"9918","subObjectId":"-1"}],"type":"FieldLabel"},{"rows":[{"fields":[],"objectId":"9916","subObjectId":"-1"},{"fields":[],"objectId":"20","subObjectId":"-1"}],"type":"ViewName"},{"rows":[{"fields":[],"objectId":"0","subObjectId":"-1"}],"type":"AppDescription"}]},"schema":{"groups":[],"revision":null,"subTable":{},"table":{"fieldList":{"9903":{"id":"9903","label":"レコード番号","properties":{"noLabel":"false","required":"true"},"type":"RECORD_ID","var":"レコード番号"},"9904":{"id":"9904","label":"更新者","properties":{"noLabel":"false","required":"true"},"type":"MODIFIER","var":"更新者"},"9905":{"id":"9905","label":"作成者","properties":{"noLabel":"false","required":"true"},"type":"CREATOR","var":"作成者"},"9906":{"id":"9906","label":"更新日時","properties":{"noLabel":"false","required":"true"},"type":"MODIFIED_AT","var":"更新日時"},"9907":{"id":"9907","label":"作成日時","properties":{"noLabel":"false","required":"true"},"type":"CREATED_AT","var":"作成日時"},"9908":{"id":"9908","label":"ステータス","properties":{"noLabel":"false","required":"false"},"type":"STATUS","var":"ステータス"},"9909":{"id":"9909","label":"作業者","properties":{"noLabel":"false","required":"false"},"type":"STATUS_ASSIGNEE","var":"作業者"},"9910":{"id":"9910","label":"カテゴリー","properties":{"noLabel":"false","required":"false"},"type":"CATEGORY","var":"カテゴリー"},"9914":{"id":"9914","label":"納期","properties":{"defaultExpression":"NOW","defaultValue":null,"noLabel":"false","required":"false","unique":"false"},"type":"DATE","var":"DELIVERY_DATE"},"9917":{"id":"9917","label":"件名","properties":{"defaultValue":"","expression":"","hideExpression":"false","max":null,"min":null,"noLabel":"false","required":"false","unique":"false"},"type":"SINGLE_LINE_TEXT","var":"TITLE"},"9918":{"id":"9918","label":"通知件名","properties":{"defaultValue":"","expression":"","hideExpression":"true","max":null,"min":null,"noLabel":"false","required":"false","unique":"false"},"type":"SINGLE_LINE_TEXT","var":"NOTIFICATION"}},"id":"1","label":"__ROOT__","var":"__ROOT__"}},"status":{"actions":[],"filters":[],"initialStateId":null,"states":[],"useStatus":"false"},"uuid":"fdd3aa32-84f2-4291-a5b5-2c215b15ac49","views":[{"advancedMode":"false","builtinType":null,"fields":[{"row":[{"id":"9914"}]}],"filter":{"category":null,"offset":null,"order":["DESC"],"q":null,"size":null,"sort":["f9907"]},"html":null,"keyFieldId":null,"name":"一覧","pager":null,"revision":null,"titleFieldId":null,"view":"9916","viewType":"LIST"},{"advancedMode":null,"builtinType":"ALL","fields":[{"row":[{"id":"9903"},{"id":"9914"},{"id":"9917"},{"id":"9918"}]}],"filter":{"category":null,"offset":null,"order":[],"q":null,"size":null,"sort":[]},"html":null,"keyFieldId":null,"name":"（すべて）","pager":null,"revision":null,"titleFieldId":null,"view":"20","viewType":"LIST"}]}],"description":"","iconKey":"APP39","iconMeta":null,"iconSrcAppId":"fdd3aa32-84f2-4291-a5b5-2c215b15ac49","iconType":"PRESET","idConversionMap":{"65":"fdd3aa32-84f2-4291-a5b5-2c215b15ac49"},"imagesMeta":[],"lookups":[],"name":"appTemplate","references":[],"version":"12"}